[{"name":"jquery","version":"1.11.3","src":{"file":"C:\/Users\/laubre\/Documents\/R\/win-library\/3.5\/rmarkdown\/rmd\/h\/jquery-1.11.3"},"meta":null,"script":"jquery.min.js","stylesheet":null,"head":null,"attachment":null,"package":null,"all_files":true},{"name":"bootstrap","version":"3.3.5","src":{"file":"C:\/Users\/laubre\/Documents\/R\/win-library\/3.5\/rmarkdown\/rmd\/h\/bootstrap-3.3.5"},"meta":{"viewport":"width=device-width, initial-scale=1"},"script":["js\/bootstrap.min.js","shim\/html5shiv.min.js","shim\/respond.min.js"],"stylesheet":"css\/simplex.min.css","head":null,"attachment":null,"package":null,"all_files":true},{"name":"kePrint","version":"0.0.1","src":{"file":"C:\/Users\/laubre\/Documents\/R\/win-library\/3.5\/kableExtra\/kePrint-0.0.1"},"meta":null,"script":"kePrint.js","stylesheet":null,"head":null,"attachment":null,"package":null,"all_files":true}]
