{"chunk_definitions":[{"chunk_id":"csetup_chunk","chunk_label":"setup","document_id":"18021A95","expansion_state":0,"options":{"engine":"r","include":false,"label":"setup"},"row":11,"row_count":1,"visible":true},{"chunk_id":"ca87aejk44iza","chunk_label":"Rmd_intro","document_id":"18021A95","expansion_state":0,"options":{"engine":"r","label":"Rmd_intro","out.width":"250px"},"row":22,"row_count":1,"visible":true},{"chunk_id":"caw4gy4sdsk17","chunk_label":"new_Rmd","document_id":"18021A95","expansion_state":0,"options":{"engine":"r","label":"new_Rmd","out.width":"650px"},"row":51,"row_count":1,"visible":true},{"chunk_id":"ccaoc6lr9rcc2","chunk_label":"markdown_cheatsheet","document_id":"18021A95","expansion_state":0,"options":{"engine":"r","label":"markdown_cheatsheet","out.width":"500px"},"row":70,"row_count":1,"visible":true},{"chunk_id":"c9ihxhq4aqlpu","chunk_label":"code_chunks","document_id":"18021A95","expansion_state":0,"options":{"engine":"r","label":"code_chunks","out.width":"700px"},"row":82,"row_count":1,"visible":true},{"chunk_id":"ctxcquh8h6byx","chunk_label":"Rmd_GT","document_id":"18021A95","expansion_state":0,"options":{"engine":"r","label":"Rmd_GT","out.width":"250px"},"row":111,"row_count":1,"visible":true},{"chunk_id":"cea1ea4x4rx23","chunk_label":"packages & functions","document_id":"18021A95","expansion_state":0,"options":{"engine":"r","include":false,"label":"packages & functions"},"row":163,"row_count":1,"visible":true},{"chunk_id":"c40k3rmlzpapi","chunk_label":"markdown_Titanic","document_id":"18021A95","expansion_state":0,"options":{"engine":"r","label":"markdown_Titanic","out.width":"500px"},"row":175,"row_count":1,"visible":true},{"chunk_id":"c0gi2une3pdkt","chunk_label":"load data","document_id":"18021A95","expansion_state":0,"options":{"engine":"r","include":false,"label":"load data"},"row":192,"row_count":1,"visible":true},{"chunk_id":"cjx28frephrjm","chunk_label":"str data","document_id":"18021A95","expansion_state":0,"options":{"echo":false,"engine":"r","label":"str data"},"row":203,"row_count":1,"visible":true},{"chunk_id":"cvavfeu7xtwhg","chunk_label":"sex","document_id":"18021A95","expansion_state":0,"options":{"engine":"r","include":false,"label":"sex"},"row":219,"row_count":1,"visible":true},{"chunk_id":"cfaeead7j4svh","chunk_label":"Titanic_Sex","document_id":"18021A95","expansion_state":0,"options":{"engine":"r","label":"Titanic_Sex","out.width":"600px"},"row":224,"row_count":1,"visible":true},{"chunk_id":"cuy7p77xi0s4l","chunk_label":"class","document_id":"18021A95","expansion_state":0,"options":{"engine":"r","include":false,"label":"class"},"row":239,"row_count":1,"visible":true},{"chunk_id":"cfhkis09xm6ad","chunk_label":"Titanic_SocialClass","document_id":"18021A95","expansion_state":0,"options":{"engine":"r","label":"Titanic_SocialClass","out.width":"600px"},"row":243,"row_count":1,"visible":true},{"chunk_id":"cus77ff80xp6t","chunk_label":"class & sex","document_id":"18021A95","expansion_state":0,"options":{"engine":"r","include":false,"label":"class & sex"},"row":264,"row_count":1,"visible":true},{"chunk_id":"c8ryxhyi7un67","chunk_label":"Titanic_Sex_SocialClass","document_id":"18021A95","expansion_state":0,"options":{"engine":"r","label":"Titanic_Sex_SocialClass","out.width":"600px"},"row":268,"row_count":1,"visible":true},{"chunk_id":"cu3mpjydanzpt","chunk_label":"age table","document_id":"18021A95","expansion_state":0,"options":{"engine":"r","label":"age table"},"row":296,"row_count":1,"visible":true},{"chunk_id":"cwsgfod38ks34","chunk_label":"model table","document_id":"18021A95","expansion_state":0,"options":{"echo":false,"engine":"r","label":"model table"},"row":330,"row_count":1,"visible":true},{"chunk_id":"c4rjpuw63xvof","chunk_label":"plot model","document_id":"18021A95","expansion_state":0,"options":{"engine":"r","include":false,"label":"plot model"},"row":366,"row_count":1,"visible":true},{"chunk_id":"cvnrshohpin6g","chunk_label":"Titanic_Model","document_id":"18021A95","expansion_state":0,"options":{},"row":370,"row_count":1,"visible":true}],"default_chunk_options":{"echo":false,"error":false},"doc_write_time":1539615736,"working_dir":null}